Sample,Replicate,protein_fold_change
HIS3,1,2.29885018165433
HIS3,2,3.23914540684515
HIS3,3,4.2679850147708
